elapsed_ms,timestamp,title,url,ready_state,cookie_names,cf_clearance,cf_bm,cf_challenge,turnstile_iframe,dom_node_count,body_text_snippet,visible_inputs,hidden_inputs,challenge_solved
0,1783994082.3200698,Just a moment...,https://bromotenggersemeru.id/?__cf_chl_rt_tk=X3RWRerMj92N.e56kASuokHlrAw4PHKqxkGucjrQSSI-1783994082-1.0.1.1-gpywM8GCsUYV7VoiL3Ag8zEBJRhf9_1bj0fULCl3W.0,interactive,,False,False,True,False,16,,0,0,False
555,1783994082.8627284,Just a moment...,https://bromotenggersemeru.id/,complete,,False,False,True,False,46,"bromotenggersemeru.id
Performing security verification

This website uses a security service to protect against malicious bots. This page is displayed while the website verifies you are not a bot.

Ra",0,1,False
1097,1783994083.3728514,Just a moment...,https://bromotenggersemeru.id/,complete,,False,False,True,False,46,"bromotenggersemeru.id
Performing security verification

This website uses a security service to protect against malicious bots. This page is displayed while the website verifies you are not a bot.

Ra",0,1,False
1608,1783994083.895771,Just a moment...,https://bromotenggersemeru.id/,complete,,False,False,True,False,46,"bromotenggersemeru.id
Performing security verification

This website uses a security service to protect against malicious bots. This page is displayed while the website verifies you are not a bot.

Ra",0,1,False
2132,1783994084.4149237,Just a moment...,https://bromotenggersemeru.id/,complete,,False,False,True,False,46,"bromotenggersemeru.id
Performing security verification

This website uses a security service to protect against malicious bots. This page is displayed while the website verifies you are not a bot.

Ra",0,1,False
2651,1783994084.9265425,Just a moment...,https://bromotenggersemeru.id/,complete,,False,False,True,False,46,"bromotenggersemeru.id
Performing security verification

This website uses a security service to protect against malicious bots. This page is displayed while the website verifies you are not a bot.

Ra",0,1,False
3164,1783994085.4615302,Just a moment...,https://bromotenggersemeru.id/,complete,,False,False,True,False,46,"bromotenggersemeru.id
Performing security verification

This website uses a security service to protect against malicious bots. This page is displayed while the website verifies you are not a bot.

Ra",0,1,False
3696,1783994085.9727936,Just a moment...,https://bromotenggersemeru.id/,complete,,False,False,True,False,46,"bromotenggersemeru.id
Performing security verification

This website uses a security service to protect against malicious bots. This page is displayed while the website verifies you are not a bot.

Ra",0,1,False
4208,1783994086.485732,Just a moment...,https://bromotenggersemeru.id/,complete,,False,False,True,False,46,"bromotenggersemeru.id
Performing security verification

This website uses a security service to protect against malicious bots. This page is displayed while the website verifies you are not a bot.

Ra",0,1,False
4720,1783994086.994848,Just a moment...,https://bromotenggersemeru.id/,complete,,False,False,True,False,46,"bromotenggersemeru.id
Performing security verification

This website uses a security service to protect against malicious bots. This page is displayed while the website verifies you are not a bot.

Ra",0,1,False
5229,1783994087.5039666,Just a moment...,https://bromotenggersemeru.id/,complete,,False,False,True,False,46,"bromotenggersemeru.id
Performing security verification

This website uses a security service to protect against malicious bots. This page is displayed while the website verifies you are not a bot.

Ra",0,1,False
5738,1783994088.0122328,Just a moment...,https://bromotenggersemeru.id/,complete,,False,False,True,False,46,"bromotenggersemeru.id
Performing security verification

This website uses a security service to protect against malicious bots. This page is displayed while the website verifies you are not a bot.

Ra",0,1,False
6247,1783994088.5194561,Just a moment...,https://bromotenggersemeru.id/,complete,,False,False,True,False,46,"bromotenggersemeru.id
Performing security verification

This website uses a security service to protect against malicious bots. This page is displayed while the website verifies you are not a bot.

Ra",0,1,False
6754,1783994089.0302505,Just a moment...,https://bromotenggersemeru.id/,complete,,False,False,True,False,46,"bromotenggersemeru.id
Performing security verification

This website uses a security service to protect against malicious bots. This page is displayed while the website verifies you are not a bot.

Ra",0,1,False
7265,1783994089.5380716,Just a moment...,https://bromotenggersemeru.id/,complete,,False,False,True,False,46,"bromotenggersemeru.id
Performing security verification

This website uses a security service to protect against malicious bots. This page is displayed while the website verifies you are not a bot.

Ra",0,1,False
7773,1783994090.0457861,Just a moment...,https://bromotenggersemeru.id/,complete,,False,False,True,False,46,"bromotenggersemeru.id
Performing security verification

This website uses a security service to protect against malicious bots. This page is displayed while the website verifies you are not a bot.

Ra",0,1,False
8280,1783994090.5540867,Just a moment...,https://bromotenggersemeru.id/,complete,,False,False,True,False,46,"bromotenggersemeru.id
Performing security verification

This website uses a security service to protect against malicious bots. This page is displayed while the website verifies you are not a bot.

Ra",0,1,False
8789,1783994091.0616484,Just a moment...,https://bromotenggersemeru.id/,complete,,False,False,True,False,46,"bromotenggersemeru.id
Performing security verification

This website uses a security service to protect against malicious bots. This page is displayed while the website verifies you are not a bot.

Ra",0,1,False
9296,1783994091.5687914,Just a moment...,https://bromotenggersemeru.id/,complete,,False,False,True,False,46,"bromotenggersemeru.id
Performing security verification

This website uses a security service to protect against malicious bots. This page is displayed while the website verifies you are not a bot.

Ra",0,1,False
9803,1783994092.0876455,Just a moment...,https://bromotenggersemeru.id/,complete,,False,False,True,False,46,"bromotenggersemeru.id
Performing security verification

This website uses a security service to protect against malicious bots. This page is displayed while the website verifies you are not a bot.

Ra",0,1,False
10322,1783994092.5947866,Just a moment...,https://bromotenggersemeru.id/,complete,,False,False,True,False,46,"bromotenggersemeru.id
Performing security verification

This website uses a security service to protect against malicious bots. This page is displayed while the website verifies you are not a bot.

Ra",0,1,False
10829,1783994093.1014783,Just a moment...,https://bromotenggersemeru.id/,complete,,False,False,True,False,46,"bromotenggersemeru.id
Performing security verification

This website uses a security service to protect against malicious bots. This page is displayed while the website verifies you are not a bot.

Ra",0,1,False
11336,1783994093.611634,Just a moment...,https://bromotenggersemeru.id/,complete,,False,False,True,False,46,"bromotenggersemeru.id
Performing security verification

This website uses a security service to protect against malicious bots. This page is displayed while the website verifies you are not a bot.

Ra",0,1,False
11846,1783994094.122597,Just a moment...,https://bromotenggersemeru.id/,complete,,False,False,True,False,46,"bromotenggersemeru.id
Performing security verification

This website uses a security service to protect against malicious bots. This page is displayed while the website verifies you are not a bot.

Ra",0,1,False
12357,1783994094.6298718,Just a moment...,https://bromotenggersemeru.id/,complete,,False,False,True,False,46,"bromotenggersemeru.id
Performing security verification

This website uses a security service to protect against malicious bots. This page is displayed while the website verifies you are not a bot.

Ra",0,1,False
12864,1783994095.1368587,Just a moment...,https://bromotenggersemeru.id/,complete,,False,False,True,False,46,"bromotenggersemeru.id
Performing security verification

This website uses a security service to protect against malicious bots. This page is displayed while the website verifies you are not a bot.

Ra",0,1,False
13371,1783994095.643889,Just a moment...,https://bromotenggersemeru.id/,complete,,False,False,True,False,46,"bromotenggersemeru.id
Performing security verification

This website uses a security service to protect against malicious bots. This page is displayed while the website verifies you are not a bot.

Ra",0,1,False
13878,1783994096.1511247,Just a moment...,https://bromotenggersemeru.id/,complete,,False,False,True,False,46,"bromotenggersemeru.id
Performing security verification

This website uses a security service to protect against malicious bots. This page is displayed while the website verifies you are not a bot.

Ra",0,1,False
14386,1783994096.6583788,Just a moment...,https://bromotenggersemeru.id/,complete,,False,False,True,False,46,"bromotenggersemeru.id
Performing security verification

This website uses a security service to protect against malicious bots. This page is displayed while the website verifies you are not a bot.

Ra",0,1,False
14893,1783994097.169947,Just a moment...,https://bromotenggersemeru.id/,complete,,False,False,True,False,46,"bromotenggersemeru.id
Performing security verification

This website uses a security service to protect against malicious bots. This page is displayed while the website verifies you are not a bot.

Ra",0,1,False
15404,1783994097.6816788,Just a moment...,https://bromotenggersemeru.id/,complete,,False,False,True,False,46,"bromotenggersemeru.id
Performing security verification

This website uses a security service to protect against malicious bots. This page is displayed while the website verifies you are not a bot.

Ra",0,1,False
15916,1783994098.1886482,Just a moment...,https://bromotenggersemeru.id/,complete,,False,False,True,False,46,"bromotenggersemeru.id
Performing security verification

This website uses a security service to protect against malicious bots. This page is displayed while the website verifies you are not a bot.

Ra",0,1,False
16423,1783994098.6962678,Just a moment...,https://bromotenggersemeru.id/,complete,,False,False,True,False,46,"bromotenggersemeru.id
Performing security verification

This website uses a security service to protect against malicious bots. This page is displayed while the website verifies you are not a bot.

Ra",0,1,False
16931,1783994099.209177,Just a moment...,https://bromotenggersemeru.id/,complete,,False,False,True,False,46,"bromotenggersemeru.id
Performing security verification

This website uses a security service to protect against malicious bots. This page is displayed while the website verifies you are not a bot.

Ra",0,1,False
17444,1783994099.7165468,Just a moment...,https://bromotenggersemeru.id/,complete,,False,False,True,False,46,"bromotenggersemeru.id
Performing security verification

This website uses a security service to protect against malicious bots. This page is displayed while the website verifies you are not a bot.

Ra",0,1,False
17951,1783994100.228604,Just a moment...,https://bromotenggersemeru.id/,complete,,False,False,True,False,46,"bromotenggersemeru.id
Performing security verification

This website uses a security service to protect against malicious bots. This page is displayed while the website verifies you are not a bot.

Ra",0,1,False
18463,1783994100.7403631,Just a moment...,https://bromotenggersemeru.id/,complete,,False,False,True,False,46,"bromotenggersemeru.id
Performing security verification

This website uses a security service to protect against malicious bots. This page is displayed while the website verifies you are not a bot.

Ra",0,1,False
18975,1783994101.2633672,Just a moment...,https://bromotenggersemeru.id/,complete,,False,False,True,False,46,"bromotenggersemeru.id
Performing security verification

This website uses a security service to protect against malicious bots. This page is displayed while the website verifies you are not a bot.

Ra",0,1,False
19498,1783994101.800517,Just a moment...,https://bromotenggersemeru.id/,complete,,False,False,True,False,46,"bromotenggersemeru.id
Performing security verification

This website uses a security service to protect against malicious bots. This page is displayed while the website verifies you are not a bot.

Ra",0,1,False
20035,1783994102.3380291,Just a moment...,https://bromotenggersemeru.id/,complete,,False,False,True,False,46,"bromotenggersemeru.id
Performing security verification

This website uses a security service to protect against malicious bots. This page is displayed while the website verifies you are not a bot.

Ra",0,1,False
20578,1783994102.997126,Just a moment...,https://bromotenggersemeru.id/,complete,,False,False,True,False,46,"bromotenggersemeru.id
Performing security verification

This website uses a security service to protect against malicious bots. This page is displayed while the website verifies you are not a bot.

Ra",0,1,False
21232,1783994103.509098,Just a moment...,https://bromotenggersemeru.id/,complete,,False,False,True,False,46,"bromotenggersemeru.id
Performing security verification

This website uses a security service to protect against malicious bots. This page is displayed while the website verifies you are not a bot.

Ra",0,1,False
21744,1783994104.0238495,Just a moment...,https://bromotenggersemeru.id/,complete,,False,False,True,False,46,"bromotenggersemeru.id
Performing security verification

This website uses a security service to protect against malicious bots. This page is displayed while the website verifies you are not a bot.

Ra",0,1,False
22258,1783994104.5330179,Just a moment...,https://bromotenggersemeru.id/,complete,,False,False,True,False,46,"bromotenggersemeru.id
Performing security verification

This website uses a security service to protect against malicious bots. This page is displayed while the website verifies you are not a bot.

Ra",0,1,False
22768,1783994105.073376,Just a moment...,https://bromotenggersemeru.id/,complete,,False,False,True,False,46,"bromotenggersemeru.id
Performing security verification

This website uses a security service to protect against malicious bots. This page is displayed while the website verifies you are not a bot.

Ra",0,1,False
23308,1783994105.5818017,Just a moment...,https://bromotenggersemeru.id/,complete,,False,False,True,False,46,"bromotenggersemeru.id
Performing security verification

This website uses a security service to protect against malicious bots. This page is displayed while the website verifies you are not a bot.

Ra",0,1,False
23817,1783994106.0926118,Just a moment...,https://bromotenggersemeru.id/,complete,,False,False,True,False,46,"bromotenggersemeru.id
Performing security verification

This website uses a security service to protect against malicious bots. This page is displayed while the website verifies you are not a bot.

Ra",0,1,False
24327,1783994106.6173496,Just a moment...,https://bromotenggersemeru.id/,complete,,False,False,True,False,46,"bromotenggersemeru.id
Performing security verification

This website uses a security service to protect against malicious bots. This page is displayed while the website verifies you are not a bot.

Ra",0,1,False
24852,1783994107.1812446,Just a moment...,https://bromotenggersemeru.id/,complete,,False,False,True,False,46,"bromotenggersemeru.id
Performing security verification

This website uses a security service to protect against malicious bots. This page is displayed while the website verifies you are not a bot.

Ra",0,1,False
25416,1783994107.6889312,Just a moment...,https://bromotenggersemeru.id/,complete,,False,False,True,False,46,"bromotenggersemeru.id
Performing security verification

This website uses a security service to protect against malicious bots. This page is displayed while the website verifies you are not a bot.

Ra",0,1,False
25923,1783994108.2029762,Just a moment...,https://bromotenggersemeru.id/,complete,,False,False,True,False,46,"bromotenggersemeru.id
Performing security verification

This website uses a security service to protect against malicious bots. This page is displayed while the website verifies you are not a bot.

Ra",0,1,False
26437,1783994108.7182035,Just a moment...,https://bromotenggersemeru.id/,complete,,False,False,True,False,46,"bromotenggersemeru.id
Performing security verification

This website uses a security service to protect against malicious bots. This page is displayed while the website verifies you are not a bot.

Ra",0,1,False
26953,1783994109.2251225,Just a moment...,https://bromotenggersemeru.id/,complete,,False,False,True,False,46,"bromotenggersemeru.id
Performing security verification

This website uses a security service to protect against malicious bots. This page is displayed while the website verifies you are not a bot.

Ra",0,1,False
27460,1783994109.7436137,Just a moment...,https://bromotenggersemeru.id/,complete,,False,False,True,False,46,"bromotenggersemeru.id
Performing security verification

This website uses a security service to protect against malicious bots. This page is displayed while the website verifies you are not a bot.

Ra",0,1,False
27978,1783994110.2519193,Just a moment...,https://bromotenggersemeru.id/,complete,,False,False,True,False,46,"bromotenggersemeru.id
Performing security verification

This website uses a security service to protect against malicious bots. This page is displayed while the website verifies you are not a bot.

Ra",0,1,False
28487,1783994110.7593682,Just a moment...,https://bromotenggersemeru.id/,complete,,False,False,True,False,46,"bromotenggersemeru.id
Performing security verification

This website uses a security service to protect against malicious bots. This page is displayed while the website verifies you are not a bot.

Ra",0,1,False
28994,1783994111.26988,Just a moment...,https://bromotenggersemeru.id/,complete,,False,False,True,False,46,"bromotenggersemeru.id
Performing security verification

This website uses a security service to protect against malicious bots. This page is displayed while the website verifies you are not a bot.

Ra",0,1,False
29504,1783994111.7792625,Just a moment...,https://bromotenggersemeru.id/,complete,,False,False,True,False,46,"bromotenggersemeru.id
Performing security verification

This website uses a security service to protect against malicious bots. This page is displayed while the website verifies you are not a bot.

Ra",0,1,False
30014,1783994112.289829,Just a moment...,https://bromotenggersemeru.id/,complete,,False,False,True,False,46,"bromotenggersemeru.id
Performing security verification

This website uses a security service to protect against malicious bots. This page is displayed while the website verifies you are not a bot.

Ra",0,1,False
30524,1783994112.7968822,Just a moment...,https://bromotenggersemeru.id/,complete,,False,False,True,False,46,"bromotenggersemeru.id
Performing security verification

This website uses a security service to protect against malicious bots. This page is displayed while the website verifies you are not a bot.

Ra",0,1,False
31031,1783994113.304984,Just a moment...,https://bromotenggersemeru.id/,complete,,False,False,True,False,46,"bromotenggersemeru.id
Performing security verification

This website uses a security service to protect against malicious bots. This page is displayed while the website verifies you are not a bot.

Ra",0,1,False
31539,1783994113.812206,Just a moment...,https://bromotenggersemeru.id/,complete,,False,False,True,False,46,"bromotenggersemeru.id
Performing security verification

This website uses a security service to protect against malicious bots. This page is displayed while the website verifies you are not a bot.

Ra",0,1,False
32047,1783994114.323258,Just a moment...,https://bromotenggersemeru.id/,complete,,False,False,True,False,46,"bromotenggersemeru.id
Performing security verification

This website uses a security service to protect against malicious bots. This page is displayed while the website verifies you are not a bot.

Ra",0,1,False
32558,1783994114.8407829,Just a moment...,https://bromotenggersemeru.id/,complete,,False,False,True,False,46,"bromotenggersemeru.id
Performing security verification

This website uses a security service to protect against malicious bots. This page is displayed while the website verifies you are not a bot.

Ra",0,1,False
33075,1783994115.349493,Just a moment...,https://bromotenggersemeru.id/,complete,,False,False,True,False,46,"bromotenggersemeru.id
Performing security verification

This website uses a security service to protect against malicious bots. This page is displayed while the website verifies you are not a bot.

Ra",0,1,False
33584,1783994115.8651934,Just a moment...,https://bromotenggersemeru.id/,complete,,False,False,True,False,46,"bromotenggersemeru.id
Performing security verification

This website uses a security service to protect against malicious bots. This page is displayed while the website verifies you are not a bot.

Ra",0,1,False
34100,1783994116.3739333,Just a moment...,https://bromotenggersemeru.id/,complete,,False,False,True,False,46,"bromotenggersemeru.id
Performing security verification

This website uses a security service to protect against malicious bots. This page is displayed while the website verifies you are not a bot.

Ra",0,1,False
34608,1783994116.8826125,Just a moment...,https://bromotenggersemeru.id/,complete,,False,False,True,False,46,"bromotenggersemeru.id
Performing security verification

This website uses a security service to protect against malicious bots. This page is displayed while the website verifies you are not a bot.

Ra",0,1,False
35117,1783994117.3913581,Just a moment...,https://bromotenggersemeru.id/,complete,,False,False,True,False,46,"bromotenggersemeru.id
Performing security verification

This website uses a security service to protect against malicious bots. This page is displayed while the website verifies you are not a bot.

Ra",0,1,False
35626,1783994117.8981817,Just a moment...,https://bromotenggersemeru.id/,complete,,False,False,True,False,46,"bromotenggersemeru.id
Performing security verification

This website uses a security service to protect against malicious bots. This page is displayed while the website verifies you are not a bot.

Ra",0,1,False
36133,1783994118.4060473,Just a moment...,https://bromotenggersemeru.id/,complete,,False,False,True,False,46,"bromotenggersemeru.id
Performing security verification

This website uses a security service to protect against malicious bots. This page is displayed while the website verifies you are not a bot.

Ra",0,1,False
36641,1783994118.9169664,Just a moment...,https://bromotenggersemeru.id/,complete,,False,False,True,False,46,"bromotenggersemeru.id
Performing security verification

This website uses a security service to protect against malicious bots. This page is displayed while the website verifies you are not a bot.

Ra",0,1,False
37151,1783994119.4244614,Just a moment...,https://bromotenggersemeru.id/,complete,,False,False,True,False,46,"bromotenggersemeru.id
Performing security verification

This website uses a security service to protect against malicious bots. This page is displayed while the website verifies you are not a bot.

Ra",0,1,False
37659,1783994119.9376485,Just a moment...,https://bromotenggersemeru.id/,complete,,False,False,True,False,46,"bromotenggersemeru.id
Performing security verification

This website uses a security service to protect against malicious bots. This page is displayed while the website verifies you are not a bot.

Ra",0,1,False
38172,1783994120.4498494,Just a moment...,https://bromotenggersemeru.id/,complete,,False,False,True,False,46,"bromotenggersemeru.id
Performing security verification

This website uses a security service to protect against malicious bots. This page is displayed while the website verifies you are not a bot.

Ra",0,1,False
38685,1783994120.9624786,Just a moment...,https://bromotenggersemeru.id/,complete,,False,False,True,False,46,"bromotenggersemeru.id
Performing security verification

This website uses a security service to protect against malicious bots. This page is displayed while the website verifies you are not a bot.

Ra",0,1,False
39197,1783994121.4917529,Just a moment...,https://bromotenggersemeru.id/,complete,,False,False,True,False,46,"bromotenggersemeru.id
Performing security verification

This website uses a security service to protect against malicious bots. This page is displayed while the website verifies you are not a bot.

Ra",0,1,False
39726,1783994121.999463,Just a moment...,https://bromotenggersemeru.id/,complete,,False,False,True,False,46,"bromotenggersemeru.id
Performing security verification

This website uses a security service to protect against malicious bots. This page is displayed while the website verifies you are not a bot.

Ra",0,1,False
40234,1783994122.5180726,Just a moment...,https://bromotenggersemeru.id/,complete,,False,False,True,False,46,"bromotenggersemeru.id
Performing security verification

This website uses a security service to protect against malicious bots. This page is displayed while the website verifies you are not a bot.

Ra",0,1,False
40753,1783994123.0263004,Just a moment...,https://bromotenggersemeru.id/,complete,,False,False,True,False,46,"bromotenggersemeru.id
Performing security verification

This website uses a security service to protect against malicious bots. This page is displayed while the website verifies you are not a bot.

Ra",0,1,False
41261,1783994123.536124,Just a moment...,https://bromotenggersemeru.id/,complete,,False,False,True,False,46,"bromotenggersemeru.id
Performing security verification

This website uses a security service to protect against malicious bots. This page is displayed while the website verifies you are not a bot.

Ra",0,1,False
41771,1783994124.0453541,Just a moment...,https://bromotenggersemeru.id/,complete,,False,False,True,False,46,"bromotenggersemeru.id
Performing security verification

This website uses a security service to protect against malicious bots. This page is displayed while the website verifies you are not a bot.

Ra",0,1,False
42280,1783994124.5537853,Just a moment...,https://bromotenggersemeru.id/,complete,,False,False,True,False,46,"bromotenggersemeru.id
Performing security verification

This website uses a security service to protect against malicious bots. This page is displayed while the website verifies you are not a bot.

Ra",0,1,False
42788,1783994125.0607476,Just a moment...,https://bromotenggersemeru.id/,complete,,False,False,True,False,46,"bromotenggersemeru.id
Performing security verification

This website uses a security service to protect against malicious bots. This page is displayed while the website verifies you are not a bot.

Ra",0,1,False
43295,1783994125.5687382,Just a moment...,https://bromotenggersemeru.id/,complete,,False,False,True,False,46,"bromotenggersemeru.id
Performing security verification

This website uses a security service to protect against malicious bots. This page is displayed while the website verifies you are not a bot.

Ra",0,1,False
43803,1783994126.0816286,Just a moment...,https://bromotenggersemeru.id/,complete,,False,False,True,False,46,"bromotenggersemeru.id
Performing security verification

This website uses a security service to protect against malicious bots. This page is displayed while the website verifies you are not a bot.

Ra",0,1,False
44316,1783994126.5898373,Just a moment...,https://bromotenggersemeru.id/,complete,,False,False,True,False,46,"bromotenggersemeru.id
Performing security verification

This website uses a security service to protect against malicious bots. This page is displayed while the website verifies you are not a bot.

Ra",0,1,False
44824,1783994127.0969472,Just a moment...,https://bromotenggersemeru.id/,complete,,False,False,True,False,46,"bromotenggersemeru.id
Performing security verification

This website uses a security service to protect against malicious bots. This page is displayed while the website verifies you are not a bot.

Ra",0,1,False
45331,1783994127.6045206,Just a moment...,https://bromotenggersemeru.id/,complete,,False,False,True,False,46,"bromotenggersemeru.id
Performing security verification

This website uses a security service to protect against malicious bots. This page is displayed while the website verifies you are not a bot.

Ra",0,1,False
45839,1783994128.1116905,Just a moment...,https://bromotenggersemeru.id/,complete,,False,False,True,False,46,"bromotenggersemeru.id
Performing security verification

This website uses a security service to protect against malicious bots. This page is displayed while the website verifies you are not a bot.

Ra",0,1,False
46346,1783994128.619894,Just a moment...,https://bromotenggersemeru.id/,complete,,False,False,True,False,46,"bromotenggersemeru.id
Performing security verification

This website uses a security service to protect against malicious bots. This page is displayed while the website verifies you are not a bot.

Ra",0,1,False
46854,1783994129.1461651,Just a moment...,https://bromotenggersemeru.id/,complete,,False,False,True,False,46,"bromotenggersemeru.id
Performing security verification

This website uses a security service to protect against malicious bots. This page is displayed while the website verifies you are not a bot.

Ra",0,1,False
47381,1783994129.6538684,Just a moment...,https://bromotenggersemeru.id/,complete,,False,False,True,False,46,"bromotenggersemeru.id
Performing security verification

This website uses a security service to protect against malicious bots. This page is displayed while the website verifies you are not a bot.

Ra",0,1,False
47888,1783994130.160769,Just a moment...,https://bromotenggersemeru.id/,complete,,False,False,True,False,46,"bromotenggersemeru.id
Performing security verification

This website uses a security service to protect against malicious bots. This page is displayed while the website verifies you are not a bot.

Ra",0,1,False
48395,1783994130.667489,Just a moment...,https://bromotenggersemeru.id/,complete,,False,False,True,False,46,"bromotenggersemeru.id
Performing security verification

This website uses a security service to protect against malicious bots. This page is displayed while the website verifies you are not a bot.

Ra",0,1,False
48902,1783994131.1744115,Just a moment...,https://bromotenggersemeru.id/,complete,,False,False,True,False,46,"bromotenggersemeru.id
Performing security verification

This website uses a security service to protect against malicious bots. This page is displayed while the website verifies you are not a bot.

Ra",0,1,False
49409,1783994131.6809888,Just a moment...,https://bromotenggersemeru.id/,complete,,False,False,True,False,46,"bromotenggersemeru.id
Performing security verification

This website uses a security service to protect against malicious bots. This page is displayed while the website verifies you are not a bot.

Ra",0,1,False
49916,1783994132.188638,Just a moment...,https://bromotenggersemeru.id/,complete,,False,False,True,False,46,"bromotenggersemeru.id
Performing security verification

This website uses a security service to protect against malicious bots. This page is displayed while the website verifies you are not a bot.

Ra",0,1,False
50423,1783994132.6953516,Just a moment...,https://bromotenggersemeru.id/,complete,,False,False,True,False,46,"bromotenggersemeru.id
Performing security verification

This website uses a security service to protect against malicious bots. This page is displayed while the website verifies you are not a bot.

Ra",0,1,False
50930,1783994133.2045555,Just a moment...,https://bromotenggersemeru.id/,complete,,False,False,True,False,46,"bromotenggersemeru.id
Performing security verification

This website uses a security service to protect against malicious bots. This page is displayed while the website verifies you are not a bot.

Ra",0,1,False
51441,1783994133.7417116,Just a moment...,https://bromotenggersemeru.id/,complete,,False,False,True,False,46,"bromotenggersemeru.id
Performing security verification

This website uses a security service to protect against malicious bots. This page is displayed while the website verifies you are not a bot.

Ra",0,1,False
51976,1783994134.252972,Just a moment...,https://bromotenggersemeru.id/,complete,,False,False,True,False,46,"bromotenggersemeru.id
Performing security verification

This website uses a security service to protect against malicious bots. This page is displayed while the website verifies you are not a bot.

Ra",0,1,False
52487,1783994134.7596934,Just a moment...,https://bromotenggersemeru.id/,complete,,False,False,True,False,46,"bromotenggersemeru.id
Performing security verification

This website uses a security service to protect against malicious bots. This page is displayed while the website verifies you are not a bot.

Ra",0,1,False
52994,1783994135.2675354,Just a moment...,https://bromotenggersemeru.id/,complete,,False,False,True,False,46,"bromotenggersemeru.id
Performing security verification

This website uses a security service to protect against malicious bots. This page is displayed while the website verifies you are not a bot.

Ra",0,1,False
53502,1783994135.777919,Just a moment...,https://bromotenggersemeru.id/,complete,,False,False,True,False,46,"bromotenggersemeru.id
Performing security verification

This website uses a security service to protect against malicious bots. This page is displayed while the website verifies you are not a bot.

Ra",0,1,False
54012,1783994136.2851398,Just a moment...,https://bromotenggersemeru.id/,complete,,False,False,True,False,46,"bromotenggersemeru.id
Performing security verification

This website uses a security service to protect against malicious bots. This page is displayed while the website verifies you are not a bot.

Ra",0,1,False
54520,1783994136.791971,Just a moment...,https://bromotenggersemeru.id/,complete,,False,False,True,False,46,"bromotenggersemeru.id
Performing security verification

This website uses a security service to protect against malicious bots. This page is displayed while the website verifies you are not a bot.

Ra",0,1,False
55026,1783994137.300151,Just a moment...,https://bromotenggersemeru.id/,complete,,False,False,True,False,46,"bromotenggersemeru.id
Performing security verification

This website uses a security service to protect against malicious bots. This page is displayed while the website verifies you are not a bot.

Ra",0,1,False
55535,1783994137.8128235,Just a moment...,https://bromotenggersemeru.id/,complete,,False,False,True,False,46,"bromotenggersemeru.id
Performing security verification

This website uses a security service to protect against malicious bots. This page is displayed while the website verifies you are not a bot.

Ra",0,1,False
56047,1783994138.319938,Just a moment...,https://bromotenggersemeru.id/,complete,,False,False,True,False,46,"bromotenggersemeru.id
Performing security verification

This website uses a security service to protect against malicious bots. This page is displayed while the website verifies you are not a bot.

Ra",0,1,False
56554,1783994138.828177,Just a moment...,https://bromotenggersemeru.id/,complete,,False,False,True,False,46,"bromotenggersemeru.id
Performing security verification

This website uses a security service to protect against malicious bots. This page is displayed while the website verifies you are not a bot.

Ra",0,1,False
57063,1783994139.3350983,Just a moment...,https://bromotenggersemeru.id/,complete,,False,False,True,False,46,"bromotenggersemeru.id
Performing security verification

This website uses a security service to protect against malicious bots. This page is displayed while the website verifies you are not a bot.

Ra",0,1,False
57570,1783994139.8417823,Just a moment...,https://bromotenggersemeru.id/,complete,,False,False,True,False,46,"bromotenggersemeru.id
Performing security verification

This website uses a security service to protect against malicious bots. This page is displayed while the website verifies you are not a bot.

Ra",0,1,False
58076,1783994140.3491921,Just a moment...,https://bromotenggersemeru.id/,complete,,False,False,True,False,46,"bromotenggersemeru.id
Performing security verification

This website uses a security service to protect against malicious bots. This page is displayed while the website verifies you are not a bot.

Ra",0,1,False
58584,1783994140.856597,Just a moment...,https://bromotenggersemeru.id/,complete,,False,False,True,False,46,"bromotenggersemeru.id
Performing security verification

This website uses a security service to protect against malicious bots. This page is displayed while the website verifies you are not a bot.

Ra",0,1,False
59091,1783994141.3751755,Just a moment...,https://bromotenggersemeru.id/,complete,,False,False,True,False,46,"bromotenggersemeru.id
Performing security verification

This website uses a security service to protect against malicious bots. This page is displayed while the website verifies you are not a bot.

Ra",0,1,False
59610,1783994141.882658,Just a moment...,https://bromotenggersemeru.id/,complete,,False,False,True,False,46,"bromotenggersemeru.id
Performing security verification

This website uses a security service to protect against malicious bots. This page is displayed while the website verifies you are not a bot.

Ra",0,1,False
60117,1783994142.395238,Just a moment...,https://bromotenggersemeru.id/,complete,,False,False,True,False,46,"bromotenggersemeru.id
Performing security verification

This website uses a security service to protect against malicious bots. This page is displayed while the website verifies you are not a bot.

Ra",0,1,False
